comname,year,1,2,3,4,5,6,7,8,9,10,>10
american plaice,1980,17.2,22.902439024390244,26.652542372881356,31.06474820143885,35.983193277310924,40.24,45.08196721311475,47.76190476190476,51.18181818181818,53.5,55.142857142857146
american plaice,1981,13.714285714285714,20.46728971962617,25.5,31.62987012987013,36.776,43.48863636363637,45.01851851851852,47.32258064516129,47.10526315789474,50,53.958333333333336
american plaice,1982,14.3,22.189655172413794,28.813953488372093,32.01298701298701,35.785714285714285,41.11363636363637,45,48.92,51.93333333333333,53.142857142857146,55.625
american plaice,1983,13.521739130434783,19.763636363636362,27.03921568627451,32.20744680851064,35.221311475409834,40.56470588235294,42.94444444444444,47.291666666666664,50.5,52.22222222222222,56.73913043478261
american plaice,1984,12,20.2,26.28985507246377,30.75,35.28431372549019,37.55555555555556,43.6875,49.18181818181818,48,52.5,57
american plaice,1985,15.538461538461538,18.763157894736842,25.384057971014492,29.9247311827957,35.27710843373494,38.41538461538462,43.13333333333333,44.87096774193548,50.6,51,56.77777777777778
american plaice,1986,13.526315789473685,20.434782608695652,26.5,30.404761904761905,34.82608695652174,39.68292682926829,43.666666666666664,46.68421052631579,51,47.5,58.75
american plaice,1987,12.756756756756756,20.233766233766232,26.2875,31.153846153846153,34.878787878787875,37.71875,43.65,48.142857142857146,52,54.5,52.25
american plaice,1988,12.096774193548388,19.252336448598133,27.32116788321168,32.1375,37.46938775510204,39.80769230769231,46,39.5,50.857142857142854,52.5,58.666666666666664
american plaice,1989,12.6,19.241935483870968,26.15,32.189189189189186,35.15,38.07142857142857,44,43.5,46.6,52,52.5
american plaice,1990,12.095238095238095,19.764705882352942,27.0418410041841,32.12101910828026,37.60526315789474,41.55882352941177,47.833333333333336,45.875,49.833333333333336,53.5,52.5
american plaice,1991,13.5,19.246913580246915,26.34188034188034,31.791044776119403,37.44,42.30769230769231,44.5,51.25,50.5,56,55.666666666666664
american plaice,1992,12.8,20.22222222222222,24.519553072625698,31.80473372781065,37.536144578313255,43.80952380952381,47.88235294117647,48.125,57,56.25,55
american plaice,1993,12.674157303370787,20.226993865030675,27.13809523809524,31.303370786516854,35.756521739130434,40.554455445544555,47.42307692307692,49.416666666666664,54.166666666666664,54,53
american plaice,1994,13.319444444444445,19.610576923076923,26.585858585858585,30.685393258426966,35.16197183098591,39.094339622641506,41.93103448275862,48.285714285714285,46.5,54,56.25
american plaice,1995,12.090909090909092,19.721698113207548,26.290220820189276,32.24081632653061,36.4609375,40.12,43.904761904761905,46.8,51.25,54,57.8
american plaice,1996,14.775,18.986842105263158,25.454054054054055,30.461794019933556,35.97761194029851,39.483870967741936,39.44444444444444,46.857142857142854,52.75,NA,59.5
american plaice,1997,15.210526315789474,20.427350427350426,26.210526315789473,30.910714285714285,35.873684210526314,40.294117647058826,40.916666666666664,44.5,51,61,57.5
american plaice,1998,14.117647058823529,19.70967741935484,24.972375690607734,29.12682926829268,32.493273542600896,37.77300613496933,41.121212121212125,47,47.5,52.5,55
american plaice,1999,14.245901639344263,21,26.13294797687861,30.906779661016948,35.12169312169312,37.01709401709402,40.69090909090909,45.588235294117645,46.5,49,NA
american plaice,2000,13.777777777777779,19.304093567251464,25.95609756097561,30.513812154696133,35.75776397515528,37.50526315789474,41.405797101449274,45.666666666666664,47.5,52.2,53
american plaice,2001,13.80952380952381,18.333333333333332,24.301255230125523,29.858921161825727,34.85526315789474,38.69620253164557,40.76,44,44.588235294117645,46,43.5
american plaice,2002,13.706896551724139,19.063492063492063,23.896551724137932,28.905723905723907,33.99009900990099,36.605633802816904,40.29090909090909,41.94871794871795,43.925925925925924,48.84615384615385,40.666666666666664
american plaice,2003,15.6,19.108974358974358,24.976470588235294,28.95394736842105,32.78350515463917,37.24038461538461,39.977777777777774,39.333333333333336,43.733333333333334,47.8,51.333333333333336
american plaice,2004,11.689655172413794,17.364864864864863,21.770491803278688,27.434782608695652,32.15384615384615,35.12244897959184,38.23684210526316,40.53333333333333,44.61904761904762,NA,50.75
american plaice,2005,11.8,18,22.267857142857142,27.909774436090224,31.823529411764707,35.723076923076924,37.607142857142854,42.714285714285715,45.75,48.5,55
american plaice,2006,12.591549295774648,18.016949152542374,23.625,27.711462450592887,31.873333333333335,34.666666666666664,36.186440677966104,40.08,42.5,39.4,52.75
american plaice,2007,14.016666666666667,18.723247232472325,24.742753623188406,29.46818181818182,33.827338129496404,35.54385964912281,37.625,41.666666666666664,35.5,52,49
american plaice,2008,12.434782608695652,19.451612903225808,23.894736842105264,28.28825622775801,32.325581395348834,35.20792079207921,37.04347826086956,38.833333333333336,40.45454545454545,43.8,45.8
american plaice,2009,12.166666666666666,19.337579617834393,25.447674418604652,27.831884057971013,31.423529411764704,35.29775280898876,36.860759493670884,37.40625,39.27272727272727,42,40.6
american plaice,2010,15.066666666666666,20.06547619047619,23.780104712041886,28.994708994708994,31.137809187279153,33.73170731707317,35.92045454545455,39.529411764705884,40,38.8,41.8
american plaice,2011,12.801526717557252,18.46078431372549,22.34640522875817,26.513812154696133,29.962264150943398,33.339285714285715,34.53741496598639,35.785714285714285,38.25,39.86666666666667,38.18181818181818
american plaice,2012,12.763513513513514,18.877828054298643,22.122549019607842,27.097435897435897,29.77956989247312,33.704,35.68503937007874,37.705263157894734,38.979166666666664,38.333333333333336,44.294117647058826
american plaice,2013,13.748031496062993,20.380434782608695,24.028169014084508,29.68548387096774,33.583333333333336,33.661764705882355,36.44,40.85964912280702,38.44444444444444,41.43478260869565,43.81818181818182
american plaice,2014,14.248062015503876,19.57915057915058,24.58477508650519,28.974248927038627,32.09166666666667,34.9041095890411,36.136,39.145833333333336,38.26,39,40.60606060606061
american plaice,2015,15.015625,21.525316455696203,27.074257425742573,32.0578231292517,34.934010152284266,37.26829268292683,38.333333333333336,40.02469135802469,40.26086956521739,43,43.07692307692308
american plaice,2016,13.408163265306122,20.838461538461537,28.345120226308346,32.897590361445786,35.84939759036145,38.578947368421055,40.125,42.47727272727273,42.26315789473684,42.766666666666666,44.89473684210526
american plaice,2017,12.2,19.964028776978417,24.63529411764706,31.622171945701357,35.13068181818182,37.53012048192771,38.82,39.27777777777778,42.76923076923077,43.857142857142854,45.44444444444444
american plaice,2018,13.84,19.5,26.45098039215686,28.46969696969697,33.886178861788615,36.096774193548384,38.18,39.61764705882353,40.77777777777778,39.27272727272727,43.725
american plaice,2019,13.105263157894736,20.829787234042552,24.776315789473685,30.20353982300885,32.24,36.14977973568282,38.06060606060606,39.883720930232556,40.411764705882355,39.714285714285715,44.925
atlantic cod,1970,31.765625,47.2962962962963,55.3,67.84883720930233,67.83783783783784,77.96153846153847,80.86666666666666,94.25,98.875,103.375,111.42857142857143
atlantic cod,1971,31.72972972972973,45.45882352941177,58.90909090909091,65.88,75.8,80.24,87.9,95.80645161290323,94.4375,112.25,113
atlantic cod,1972,27.353413654618475,44.51937984496124,60.214285714285715,69.25,76.55,83.13333333333334,85.36363636363636,95.38461538461539,102.27777777777777,98.2,110.25
atlantic cod,1973,28.49056603773585,41.70654205607477,57.528,70,76.7,81.85,92.79166666666667,87.85714285714286,98.95,101.73333333333333,114.96153846153847
atlantic cod,1974,24.70689655172414,43.33613445378151,53.87372013651877,67.38888888888889,78.96875,83.44444444444444,94,94.5,89,106.66666666666667,112.7
atlantic cod,1975,31.791666666666668,36.43076923076923,60.507462686567166,63.11224489795919,71,87.45945945945945,93,95.8,100,119,106.2
atlantic cod,1976,31.842105263157894,44.57575757575758,49.17,66.375,72.28155339805825,84.53846153846153,96.48,99.66666666666667,112,126,112.6
atlantic cod,1977,28.125,46.68202764976959,57.620253164556964,57.23076923076923,74.625,82.37078651685393,100.5,106.33333333333333,114,115.33333333333333,119.85714285714286
atlantic cod,1978,31.333333333333332,45.3448275862069,59.390243902439025,66.26086956521739,71.41732283464567,84.14285714285714,94.40983606557377,104.16666666666667,110.55555555555556,114,112.6
atlantic cod,1979,34.2,46.86832740213523,59.875,72.05015673981191,77.56179775280899,79.91071428571429,95.35,98.4054054054054,98.33333333333333,117.875,120
atlantic cod,1980,33.0921052631579,44.885714285714286,59.82394366197183,71.17391304347827,80.75,86.92857142857143,88.43478260869566,104.33333333333333,109.2,115,118.625
atlantic cod,1981,29.84567901234568,48,59.125,69.2890625,75.4375,89.31914893617021,91.0909090909091,97.63636363636364,103.33333333333333,114.25,107
atlantic cod,1982,32.261538461538464,45.39351851851852,60.52777777777778,67.41176470588235,77.44117647058823,87.5,95.57894736842105,102.2,101.75,121,132
atlantic cod,1983,30.764705882352942,46.37777777777778,58.76543209876543,65.85106382978724,72.68571428571428,85.91666666666667,102.75,108.2,111,108,122.625
atlantic cod,1984,27.860759493670887,42.65277777777778,59.59340659340659,68.74468085106383,79.31818181818181,82.26666666666667,89.27272727272727,NA,105.14285714285714,NA,115.66666666666667
atlantic cod,1985,29.470588235294116,42.63793103448276,56.74390243902439,69.25925925925925,76.42696629213484,85.11111111111111,92.9,106.8,125,112.75,120.5
atlantic cod,1986,29.95689655172414,43.38095238095238,58.375838926174495,69.325,82.63888888888889,86.76923076923077,95,112.75,109.625,NA,124.5
atlantic cod,1987,28.557692307692307,44.97854077253219,57.121212121212125,69.56164383561644,80.38461538461539,87,93.46153846153847,106,100,NA,125.33333333333333
atlantic cod,1988,26.66346153846154,40.3587786259542,56.58474576271186,64.23809523809524,78.71794871794872,82.22222222222223,96.4,99.16666666666667,88,NA,NA
atlantic cod,1989,33.904761904761905,40.52023121387283,51.84090909090909,66.32704402515724,76,82.95238095238095,82,95.5,101,106,130
atlantic cod,1990,30.14814814814815,45.778688524590166,54.92549019607843,66.2258064516129,79.54166666666667,83.5,94,111,95,119,NA
atlantic cod,1991,29.212962962962962,46.19117647058823,59.32183908045977,61.896103896103895,70.11363636363636,79.42105263157895,92.28571428571429,105.66666666666667,NA,NA,NA
atlantic cod,1992,30.476923076923075,45.843601895734594,56.642857142857146,66.57894736842105,71.13978494623656,80.56,87.86666666666666,91.5,108,NA,NA
atlantic cod,1993,26.42105263157895,39.3177570093458,56.84848484848485,65.36666666666666,75.6923076923077,80.55263157894737,98.55555555555556,97,102,113.5,115
atlantic cod,1994,30.51923076923077,40.55844155844156,54.88461538461539,68.24193548387096,71.85,76.28571428571429,80,102.4,94.33333333333333,111,NA
atlantic cod,1995,27.153846153846153,45.2020202020202,51.08457711442786,62.51428571428571,75.26666666666667,76,93,86,111,NA,NA
atlantic cod,1996,32.3235294117647,44.50909090909091,56.77142857142857,62.29834254143646,73.84615384615384,83.04761904761905,84.5,79,NA,NA,NA
atlantic cod,1997,28.557142857142857,44.12643678160919,54.6140350877193,67.6,69.02150537634408,76.11764705882354,90.375,83,NA,NA,NA
atlantic cod,1998,31.952380952380953,43.91558441558441,55.8,63.298850574712645,72.74418604651163,78.37735849056604,99.11111111111111,86.33333333333333,NA,NA,NA
atlantic cod,1999,28.670731707317074,43.42307692307692,54.80701754385965,66.87234042553192,70.76,80.66666666666667,78.5909090909091,87,94,NA,141
atlantic cod,2000,26.0609756097561,41.84049079754601,54.265306122448976,66.15671641791045,72.63414634146342,77.33333333333333,82.66666666666667,96.6,NA,NA,NA
atlantic cod,2001,26.153846153846153,43.80821917808219,55.72189349112426,66.08823529411765,76.22058823529412,90.3,95.92307692307692,102.75,93.5,114,NA
atlantic cod,2002,25.52777777777778,45.25,55.48760330578512,64.84291187739464,71.18333333333334,83.07843137254902,85.3,109,72,102,NA
atlantic cod,2003,32.29032258064516,37.780701754385966,57.34,61.023809523809526,69.87586206896552,76.26315789473684,85.40625,89.5,103.44444444444444,104,100
atlantic cod,2004,23.240875912408757,42.6,53.24242424242424,65.53125,70.32786885245902,73.79245283018868,83.33333333333333,85.36363636363636,103.5,107,NA
atlantic cod,2005,24.48,37.75,54.810810810810814,60.76978417266187,74.88,72.4,79.62962962962963,94,116.5,NA,NA
atlantic cod,2006,26.90990990990991,37.02777777777778,48.829268292682926,59.53488372093023,67.53763440860214,75.5,84.85185185185185,95.0625,73,100,105
atlantic cod,2007,27.15909090909091,39.707692307692305,47.38157894736842,58.49568965517241,69.4,72.74468085106383,71.6,86,NA,NA,NA
atlantic cod,2008,29.15277777777778,44.42,54.9,59.40350877192982,66.84821428571429,74,80.81818181818181,NA,105,116,NA
atlantic cod,2009,27.49112426035503,40.56872037914692,54.57575757575758,61.9375,68.66666666666667,73.39344262295081,84.75,93.14285714285714,87.5,103,NA
atlantic cod,2010,28.272727272727273,42.65269461077844,52.36551724137931,64.69354838709677,70.90384615384616,72,81.36363636363636,96.5,85,123,117.33333333333333
atlantic cod,2011,27.811475409836067,41.41916167664671,52.45192307692308,59.69565217391305,68.60344827586206,72.83870967741936,83.33333333333333,87.55555555555556,NA,NA,NA
atlantic cod,2012,25.628205128205128,40.32272727272727,52.07368421052632,60.8728813559322,65.3103448275862,70.33333333333333,74.08333333333333,98,81,NA,NA
atlantic cod,2013,32.65714285714286,40.923809523809524,51.42152466367713,60.484848484848484,63.87096774193548,69,86.75,NA,NA,NA,NA
atlantic cod,2014,29.11,40.985074626865675,52.09016393442623,56.993506493506494,65.57142857142857,73.5,77.5,NA,91.5,NA,NA
atlantic cod,2015,30.585365853658537,42.185064935064936,54.27956989247312,61.95625,69.01136363636364,70.08333333333333,75,NA,NA,NA,NA
atlantic cod,2016,22.5,40.241379310344826,53.10798122065728,61.18390804597701,71.48387096774194,81.28571428571429,86.66666666666667,73,NA,NA,NA
atlantic cod,2017,28.05,42.132075471698116,51.5045045045045,61.137123745819395,67.78666666666666,79.48333333333333,86.58333333333333,NA,NA,NA,NA
atlantic cod,2018,29.471264367816094,43.905660377358494,54.17307692307692,59.721311475409834,68.32,75.66666666666667,83.5,NA,79,NA,NA
atlantic cod,2019,25.75409836065574,42,54.191489361702125,58.97826086956522,72.27906976744185,73.67857142857143,75,83.33333333333333,NA,NA,NA
atlantic herring,1987,13.5,20.242424242424242,23.78125,27.247191011235955,29,30.88888888888889,NA,NA,NA,NA,NA
atlantic herring,1988,14.222222222222221,16.57894736842105,24.210526315789473,26.416666666666668,28.696428571428573,29.666666666666668,32,NA,NA,NA,NA
atlantic herring,1989,13.285714285714286,15.464788732394366,24.3953488372093,27.558823529411764,28.757575757575758,30.083333333333332,31.285714285714285,33,NA,NA,NA
atlantic herring,1990,NA,15.645569620253164,22.90909090909091,27.258064516129032,30,30.5,31,NA,NA,NA,NA
atlantic herring,1991,NA,16.545454545454547,23.270833333333332,27.46153846153846,29.952380952380953,30,28,32,NA,NA,NA
atlantic herring,1992,NA,14.477611940298507,22.392156862745097,26.239436619718308,28.132075471698112,29.846153846153847,27.333333333333332,31,NA,NA,NA
atlantic herring,1993,12,16.36111111111111,21.44360902255639,24.93798449612403,27.404109589041095,28.977272727272727,29.625,32,NA,NA,NA
atlantic herring,1994,11.8,14.88888888888889,19.92982456140351,23.77358490566038,26.013333333333332,27.678571428571427,28.9,30.307692307692307,31,33,NA
atlantic herring,1995,12.622641509433961,15.981981981981981,21.513227513227513,24.193181818181817,25.663594470046082,27.394160583941606,28.573529411764707,29.866666666666667,29,NA,NA
atlantic herring,1996,12.11111111111111,16.225080385852092,20.87939698492462,23.84732824427481,25.338461538461537,26.900763358778626,27.698924731182796,29.377777777777776,30,30,32
atlantic herring,1997,20.333333333333332,18.783783783783782,21.348017621145374,23.83695652173913,25.55128205128205,26.65432098765432,27.746268656716417,29.55,29.857142857142858,NA,NA
atlantic herring,1998,12,16.052910052910054,20.175732217573223,23.360128617363344,25,26.752688172043012,27.695652173913043,28.904761904761905,29.63157894736842,31,32
atlantic herring,1999,10.88888888888889,16.693877551020407,20.8875,23.57894736842105,24.76153846153846,26.63302752293578,27.48051948051948,28.5,29.181818181818183,30,NA
atlantic herring,2000,7,16.602150537634408,21.6015625,23.825,25.11023622047244,26.166666666666668,27.850746268656717,28.85185185185185,29.6,28,NA
atlantic herring,2001,12.75,17.232142857142858,21.778425655976676,24.358490566037737,25.666666666666668,26.452830188679247,27.550387596899224,28.818181818181817,29.666666666666668,30,NA
atlantic herring,2002,9.815533980582524,17.68888888888889,21.625,24.053658536585367,25.50793650793651,26.714285714285715,27.454545454545453,28.30188679245283,29.071428571428573,29,NA
atlantic herring,2003,11.741935483870968,16.67391304347826,21.53125,24.294117647058822,25.363095238095237,26.558441558441558,27.473684210526315,28.245283018867923,28.866666666666667,29.5,30
atlantic herring,2004,13.5,16.5975975975976,21.359756097560975,24.13157894736842,25.17948717948718,26.382716049382715,27.016129032258064,27.675675675675677,28.384615384615383,28.666666666666668,28.5
atlantic herring,2005,12.833333333333334,16.603174603174605,20.393305439330543,23.66187050359712,25.294117647058822,26.488372093023255,27.233333333333334,27.770833333333332,28.62857142857143,28.733333333333334,29.333333333333332
atlantic herring,2006,8.133333333333333,15.583333333333334,20.779310344827586,23.45098039215686,25.434108527131784,26.62962962962963,27.91891891891892,28.0625,29.11764705882353,29.22222222222222,29.5
atlantic herring,2007,14,17,21.59006211180124,23.607407407407408,25.08955223880597,26.655172413793103,27.71875,28.033333333333335,29.375,28,NA
atlantic herring,2008,10.5,18,21.889400921658986,22.43850267379679,25.333333333333332,26.55294117647059,27.46808510638298,28.047619047619047,28.791666666666668,29.5,30
atlantic herring,2009,12.794871794871796,17.285714285714285,20.63157894736842,23.522099447513813,25.1640625,26.477272727272727,27.530973451327434,28.271428571428572,28.807692307692307,29.857142857142858,29.666666666666668
atlantic herring,2010,12.975,15.472809667673715,19.65891472868217,22.98314606741573,25.27857142857143,26.92,27.5625,28.244897959183675,28.761904761904763,NA,NA
atlantic herring,2011,12.75,14.891089108910892,19.399361022364218,22.191977077363898,24.849206349206348,26.037593984962406,27.516129032258064,27.794117647058822,28.3,NA,NA
atlantic herring,2012,11.878260869565217,17.173553719008265,21.46456692913386,22.52164502164502,24.58041958041958,26.513157894736842,27.346938775510203,28,28.5,NA,NA
atlantic herring,2013,13.76923076923077,16.96875,20.669950738916256,23.309677419354838,24.291044776119403,26.317460317460316,27,28.166666666666668,29,NA,NA
atlantic herring,2014,14.153846153846153,16.383838383838384,21.696280991735538,23.705263157894738,24.96153846153846,25.85774058577406,27.041666666666668,27.46153846153846,28,NA,NA
atlantic herring,2015,10.9,15.941558441558442,21.173333333333332,24.00632911392405,25.076923076923077,26.479591836734695,26.41304347826087,27.2,28.333333333333332,NA,NA
atlantic herring,2016,15,18.85483870967742,21.21153846153846,23.029197080291972,25.49367088607595,26.463768115942027,27.066666666666666,27.34426229508197,27.6,NA,NA
atlantic herring,2017,13.933333333333334,15.909090909090908,21.43243243243243,23.515151515151516,25.66906474820144,26.45528455284553,27.295081967213115,27.693877551020407,27.846153846153847,28,NA
atlantic herring,2018,6.5,16.464285714285715,20.52777777777778,23.236363636363638,24.984848484848484,26.424657534246574,26.931372549019606,27.956521739130434,27.6,28,NA
atlantic herring,2019,12.969696969696969,14.838709677419354,21.054878048780488,24.214285714285715,25.52577319587629,26.27102803738318,27.315217391304348,27.59259259259259,28.066666666666666,28,NA
atlantic mackerel,1973,18.844444444444445,26.133333333333333,30.933333333333334,32.42857142857143,33.666666666666664,34.15384615384615,35.666666666666664,37,NA,43,38.857142857142854
atlantic mackerel,1974,18.533333333333335,25.2,30,NA,33,NA,NA,NA,NA,NA,NA
atlantic mackerel,1975,17.846153846153847,25.76923076923077,30.6,33,35,35.5,35,NA,NA,NA,NA
atlantic mackerel,1976,19,26,30.714285714285715,33.5,34,38,NA,NA,NA,NA,NA
atlantic mackerel,1977,20.333333333333332,26.76923076923077,30.923076923076923,33.53333333333333,35.833333333333336,36,36,36.333333333333336,34.5,37,38
atlantic mackerel,1978,22.625,28.88888888888889,33.09090909090909,34.09090909090909,NA,38,36.5,36,38,NA,36
atlantic mackerel,1979,28.705882352941178,29.25,34.666666666666664,34.666666666666664,35.84615384615385,35.666666666666664,37,37,39.5,39.666666666666664,39.5
atlantic mackerel,1980,22.166666666666668,30.74074074074074,35,38,36.2,37.3,38,NA,39.5,37,39
atlantic mackerel,1981,17.666666666666668,30.5,34.2,36,NA,38.5,37.875,38.666666666666664,37.5,NA,39.5
atlantic mackerel,1982,24,29.25,NA,37,NA,38,36,40,40.5,NA,40.5
atlantic mackerel,1983,19.40740740740741,27.88888888888889,NA,NA,NA,NA,NA,NA,NA,NA,NA
atlantic mackerel,1984,32,27,NA,NA,NA,NA,NA,NA,NA,NA,NA
atlantic mackerel,1985,22.615384615384617,NA,31.88888888888889,35,NA,NA,39,NA,NA,NA,43
atlantic mackerel,1986,21.11111111111111,28,32,32.69565217391305,35.75,NA,NA,NA,NA,NA,NA
atlantic mackerel,1987,21.76923076923077,27.11764705882353,30.952380952380953,33.42857142857143,34.27777777777778,35.75,38,NA,41.333333333333336,NA,NA
atlantic mackerel,1988,18.583333333333332,28.5,30.94736842105263,33.7,32,35.72549019607843,37.8,NA,42,NA,41
atlantic mackerel,1989,19.25,26.185185185185187,30.5,35,NA,NA,37.75,39,NA,NA,NA
atlantic mackerel,1990,21.541666666666668,27.11111111111111,30.842105263157894,NA,35,NA,NA,37.5,NA,NA,NA
atlantic mackerel,1991,23.11111111111111,29.666666666666668,32.3,35,NA,37,NA,NA,37.8,NA,NA
atlantic mackerel,1992,22.75438596491228,26.7,31,33.642857142857146,34.2,35,36,NA,NA,39.142857142857146,NA
atlantic mackerel,1993,22.962962962962962,27.303030303030305,29.90909090909091,32.833333333333336,34.611111111111114,35.5,37,37.5,38,40,38.625
atlantic mackerel,1994,23.096,27.047619047619047,30.19148936170213,32.69565217391305,34.625,35.851851851851855,37,38,40,38.4,40.214285714285715
atlantic mackerel,1995,20.9010989010989,27.117117117117118,31.045454545454547,32.81818181818182,34.46153846153846,37.4,36.592592592592595,38,NA,NA,40.666666666666664
atlantic mackerel,1996,21.870229007633586,27.448979591836736,31.70212765957447,34.75,35.21875,36.19230769230769,36.875,38.36363636363637,39.2,NA,41
atlantic mackerel,1997,21.86842105263158,28.083333333333332,32.43478260869565,33.8235294117647,37,36,37.4,39,38.4,38,39
atlantic mackerel,1998,21.43169398907104,27.24390243902439,31.666666666666668,34.6,35.75,36,36.888888888888886,38.666666666666664,40,39.5,NA
atlantic mackerel,1999,20.71875,26.285714285714285,30.904109589041095,33.8,35.75,36.333333333333336,NA,38,37.75,NA,NA
atlantic mackerel,2000,21.808988764044944,27.957142857142856,30.694444444444443,34.25,36.57142857142857,37.25,39,NA,40.5,40,NA
atlantic mackerel,2001,22.25,26.74534161490683,32.05,33.5,36.54545454545455,38.333333333333336,NA,NA,40,NA,NA
atlantic mackerel,2002,22.307692307692307,26.428571428571427,30.138613861386137,35.166666666666664,34.5,37.5,38,NA,NA,NA,NA
atlantic mackerel,2003,20.637037037037036,26.982905982905983,30.17391304347826,32.6271186440678,35.4,37,39,NA,NA,NA,NA
atlantic mackerel,2004,20.885906040268456,27.337349397590362,31.75,33,35.125,37,NA,NA,NA,NA,NA
atlantic mackerel,2005,20.384615384615383,26.148936170212767,30.925,33.54545454545455,33.5,36.15,38,NA,NA,NA,NA
atlantic mackerel,2006,19.536585365853657,26.054945054945055,29.96385542168675,33.166666666666664,34.333333333333336,35.5,35.5,NA,NA,NA,NA
atlantic mackerel,2007,22.17241379310345,26.782857142857143,30.770833333333332,32.906976744186046,36,NA,38,37,NA,NA,NA
atlantic mackerel,2008,22.727272727272727,27.666666666666668,30.89189189189189,34,33.75,NA,NA,NA,37.5,NA,NA
atlantic mackerel,2009,21.855895196506552,27.932960893854748,31.484848484848484,33.25,39,34.5,NA,NA,NA,NA,NA
atlantic mackerel,2010,21.84375,27.282700421940927,30.945945945945947,33.55555555555556,35.30769230769231,NA,37.666666666666664,NA,NA,NA,NA
atlantic mackerel,2011,21.498381877022652,26.723684210526315,30.827956989247312,34.1,33,34,NA,NA,NA,NA,NA
atlantic mackerel,2012,21.149321266968325,26.6796875,30.42105263157895,33.2962962962963,33,36,NA,NA,NA,NA,NA
atlantic mackerel,2013,22.554054054054053,26.342391304347824,30.03174603174603,32.2,34.875,37,NA,NA,NA,NA,NA
atlantic mackerel,2014,23.88,28.535211267605632,29.958904109589042,33.285714285714285,NA,NA,NA,NA,NA,NA,NA
atlantic mackerel,2015,22.457875457875456,28.846153846153847,31.152173913043477,32.861111111111114,34.25,NA,NA,NA,NA,NA,NA
atlantic mackerel,2016,22.00531914893617,28.954545454545453,32.16923076923077,33.8,36,36,NA,NA,NA,NA,NA
atlantic mackerel,2017,19.846153846153847,24.72146118721461,30.637795275590552,32.82142857142857,34.666666666666664,34,NA,NA,NA,NA,NA
atlantic mackerel,2018,21.397727272727273,28.4,28.43971631205674,32.78787878787879,35.333333333333336,NA,37,NA,NA,NA,NA
atlantic mackerel,2019,21.025210084033613,26.059633027522935,29.875,30.256410256410255,33.2,34.2,NA,NA,NA,NA,NA
black sea bass,1983,18,24.25,NA,NA,NA,NA,NA,NA,NA,NA,NA
black sea bass,1984,14.625,20.625,25,33.142857142857146,38,47,NA,NA,NA,NA,NA
black sea bass,1985,13.894736842105264,19.833333333333332,26,31.714285714285715,40,50,NA,NA,NA,NA,NA
black sea bass,1986,15,22.036363636363635,32.291666666666664,33,NA,NA,NA,47,NA,NA,NA
black sea bass,1987,15.222222222222221,21.45,29.41176470588235,35.666666666666664,41.25,49,NA,NA,NA,NA,NA
black sea bass,1988,7.714285714285714,20.93548387096774,27.289473684210527,29.714285714285715,36,45,NA,45,NA,NA,NA
black sea bass,1989,15,20.926829268292682,26.166666666666668,31,NA,41,NA,51,NA,NA,NA
black sea bass,1990,16.235294117647058,21.71875,28.875,37,38.5,NA,45,NA,NA,NA,NA
black sea bass,1991,8.703703703703704,19.333333333333332,24.666666666666668,32.333333333333336,37,NA,NA,NA,NA,NA,NA
black sea bass,1992,12.733333333333333,20.492753623188406,27.057692307692307,31.88888888888889,42,NA,NA,NA,NA,57,NA
black sea bass,1993,17,20.307692307692307,24.1875,32.8,NA,NA,NA,NA,NA,NA,NA
black sea bass,1994,15.727272727272727,22,26.035714285714285,28.714285714285715,36.833333333333336,44.5,NA,NA,54,NA,NA
black sea bass,1995,12.733333333333333,23.4,30.142857142857142,42.333333333333336,NA,NA,NA,NA,42,NA,NA
black sea bass,1996,16.666666666666668,23.033333333333335,29.25,35.666666666666664,36.5,41.666666666666664,NA,NA,NA,NA,NA
black sea bass,1998,18.75,22.62857142857143,30.4,32.6,NA,44,NA,46,NA,NA,NA
black sea bass,1999,15.321428571428571,22.72222222222222,28.785714285714285,32.84615384615385,37.5,43,NA,NA,NA,NA,NA
black sea bass,2000,NA,24.2,28.555555555555557,36.166666666666664,37.5,NA,NA,NA,NA,NA,NA
black sea bass,2001,15.263157894736842,21.53731343283582,30.185185185185187,38.142857142857146,43,NA,NA,NA,NA,NA,NA
black sea bass,2002,17,24.11111111111111,30.5,39.825,44.25,47,49,NA,45,NA,NA
black sea bass,2003,10.428571428571429,21.80701754385965,29.441860465116278,34.189189189189186,38.89473684210526,39,54,NA,NA,NA,NA
black sea bass,2004,16.2,22.82608695652174,28.175,35.90909090909091,38.6551724137931,52.42857142857143,NA,42,NA,NA,NA
black sea bass,2005,9.5,21.954545454545453,28.7,32.36363636363637,39.6,45.8125,NA,NA,NA,NA,NA
black sea bass,2006,14.7,23.09090909090909,29.75,35.07142857142857,39.666666666666664,44,58,NA,NA,NA,NA
black sea bass,2007,15.321428571428571,22.941176470588236,27.09090909090909,35.4,27,38,42,NA,NA,NA,NA
black sea bass,2008,11.473684210526315,22.071428571428573,29.76923076923077,37.5,40,NA,50,NA,NA,NA,NA
black sea bass,2009,13.964601769911505,22.14423076923077,30.644444444444446,33.85,34.5,45.5,42,NA,NA,NA,NA
black sea bass,2010,10.735294117647058,21.063157894736843,28.569767441860463,34.97872340425532,40.92857142857143,44.666666666666664,47,42.714285714285715,46,NA,NA
black sea bass,2011,14.82258064516129,22.666666666666668,28.272727272727273,32.58974358974359,36.6,43,49,NA,NA,51,NA
black sea bass,2012,13.433121019108281,23.683333333333334,30.676470588235293,34.59090909090909,38.25,42,41.5,NA,55,NA,64
black sea bass,2013,10.75,21.03,30.423728813559322,34.4375,41.2,43.2,41,51.666666666666664,NA,NA,NA
black sea bass,2014,15.516129032258064,22.152542372881356,30.130841121495326,37.5,40.38461538461539,49.625,48.42857142857143,52.25,55,NA,NA
black sea bass,2015,13.78048780487805,22.274193548387096,28.19047619047619,35.60606060606061,42.214285714285715,44.3,50,57,50,NA,NA
black sea bass,2016,14.310344827586206,23.25,29.916666666666668,34.76470588235294,40.127450980392155,43.5,49.4,52.2,56,NA,NA
black sea bass,2017,9.586206896551724,20.422764227642276,28.45098039215686,34.25,39.06666666666667,43.285714285714285,54,48.25,NA,58.5,NA
black sea bass,2018,14.583333333333334,20.96,27.951807228915662,31.870967741935484,38.666666666666664,45.5,44.52,NA,53.5,NA,NA
black sea bass,2019,14.383561643835616,21.941176470588236,27.136986301369863,32.19117647058823,34,NA,44,44.42857142857143,NA,NA,NA
butterfish,1982,14.806201550387597,17.3125,18.807692307692307,20.285714285714285,19,NA,NA,NA,NA,NA,NA
butterfish,1983,13.912408759124087,17.11842105263158,18.833333333333332,20.5,20.333333333333332,NA,NA,NA,NA,NA,NA
butterfish,1984,14.25,16.86842105263158,18.517241379310345,17,NA,NA,NA,NA,NA,NA,NA
butterfish,1985,14.085889570552148,16.34090909090909,17.75,19.333333333333332,NA,NA,NA,NA,NA,NA,NA
butterfish,1986,14.161904761904761,16.827956989247312,18.733333333333334,19.5,NA,NA,NA,NA,NA,NA,NA
butterfish,1987,13.816,16.424242424242426,18.5625,20,NA,NA,NA,NA,NA,NA,NA
butterfish,1988,14.08955223880597,15.866666666666667,17.857142857142858,20,NA,NA,NA,NA,NA,NA,NA
butterfish,1989,13.60655737704918,15.463414634146341,17.22222222222222,22,NA,NA,NA,NA,NA,NA,NA
butterfish,1990,14.726315789473684,17.06,17.833333333333332,18.5,NA,NA,NA,NA,NA,NA,NA
butterfish,1991,14.52659574468085,16.771929824561404,17.764705882352942,20,NA,NA,NA,NA,NA,NA,NA
butterfish,1992,13.390946502057613,16.08256880733945,19.2,20,NA,NA,NA,NA,NA,NA,NA
butterfish,1993,13.67871485943775,16.126582278481013,17.77777777777778,NA,NA,NA,NA,NA,NA,NA,NA
butterfish,1994,13.585152838427948,15.946969696969697,17.20689655172414,19,NA,NA,NA,NA,NA,NA,NA
butterfish,1995,13.127937336814622,15.526315789473685,18,NA,NA,NA,NA,NA,NA,NA,NA
butterfish,1996,13.137254901960784,15.941666666666666,17.314285714285713,18,NA,NA,NA,NA,NA,NA,NA
butterfish,1997,12.922459893048128,16.253521126760564,18.2,NA,NA,NA,NA,NA,NA,NA,NA
butterfish,1998,13.490291262135923,16.07777777777778,18.473684210526315,NA,NA,NA,NA,NA,NA,NA,NA
butterfish,1999,12.335403726708075,16.397435897435898,17.5,NA,NA,NA,NA,NA,NA,NA,NA
butterfish,2000,13.816053511705686,15.813333333333333,17.27777777777778,19.333333333333332,NA,NA,NA,NA,NA,NA,NA
butterfish,2001,12.637860082304528,15.964071856287426,18.5,NA,NA,NA,NA,NA,NA,NA,NA
butterfish,2002,13.376811594202898,16.034188034188034,18.160714285714285,18.6,NA,NA,NA,NA,NA,NA,NA
butterfish,2003,13.176136363636363,15.155555555555555,17.678571428571427,18.75,21,NA,NA,NA,NA,NA,NA
butterfish,2004,12.862244897959183,15.470588235294118,18,19,NA,NA,NA,NA,NA,NA,NA
butterfish,2005,12.526315789473685,14.96,16.82758620689655,18,16.5,NA,NA,NA,NA,NA,NA
butterfish,2006,13.043478260869565,15.848484848484848,17.5,18.88888888888889,NA,NA,NA,NA,NA,NA,NA
butterfish,2007,12.669467787114845,15.83529411764706,18.387096774193548,19.5,NA,NA,NA,NA,NA,NA,NA
butterfish,2008,12.306722689075631,15.662337662337663,18.166666666666668,18.333333333333332,NA,NA,NA,NA,NA,NA,NA
butterfish,2009,12.740648379052368,15.738095238095237,17.25581395348837,18,20,NA,NA,NA,NA,NA,NA
butterfish,2010,12.655430711610487,15.520547945205479,16.884615384615383,18,18,NA,NA,NA,NA,NA,NA
butterfish,2011,12.295081967213115,15.724832214765101,17.043478260869566,18.05,18.666666666666668,NA,NA,NA,NA,NA,NA
butterfish,2012,12.941763727121463,15.967391304347826,17.642857142857142,18.416666666666668,20,NA,NA,NA,NA,NA,NA
butterfish,2013,13.34153846153846,16.25,16.986666666666668,17.8125,20,19.333333333333332,NA,NA,NA,NA,NA
butterfish,2014,14.019138755980862,16.72897196261682,18.134615384615383,19.125,17.666666666666668,NA,NA,NA,NA,NA,NA
butterfish,2015,13.5,16.077272727272728,18.53191489361702,19.444444444444443,NA,21,NA,NA,NA,NA,NA
butterfish,2016,13.461024498886415,16.204301075268816,17.346153846153847,16,NA,NA,NA,NA,NA,NA,NA
butterfish,2017,11.946902654867257,16.065217391304348,17.808823529411764,19.23076923076923,21,NA,NA,NA,NA,NA,NA
butterfish,2018,13.450276243093922,16.815028901734102,17.869565217391305,18.875,20,NA,NA,NA,NA,NA,NA
butterfish,2019,13.32,16.82191780821918,18.56338028169014,19.444444444444443,21,NA,NA,NA,NA,NA,NA
haddock,1970,31.975,42.1578947368421,41.333333333333336,52.4375,54.642857142857146,60.370370370370374,59.534246575342465,62.67307692307692,68.07692307692308,67.75,74.71428571428571
haddock,1971,NA,41.013513513513516,46.04545454545455,54,61.857142857142854,62.333333333333336,63.583333333333336,62.42857142857143,62.76,60.666666666666664,66.33333333333333
haddock,1972,27.946666666666665,28,51.470588235294116,54.93333333333333,58,61.25,66.75,62.5,65.63513513513513,67.42857142857143,73.23076923076923
haddock,1973,28.515151515151516,40.9625,36,57.921052631578945,63.714285714285715,NA,66.2,68,64.28571428571429,70.18947368421053,75.05555555555556
haddock,1974,28.32051282051282,43.07692307692308,51.05194805194805,NA,62.22222222222222,60,63,70.5,69,71,72.46875
haddock,1975,31.88888888888889,38.939189189189186,51.87323943661972,56.85263157894737,NA,65.8,63.5,69.33333333333333,NA,78,71.93333333333334
haddock,1976,29.89673913043478,43.53333333333333,51.050632911392405,58.935483870967744,61.82258064516129,NA,66.375,63,75.5,NA,72.5
haddock,1977,28.047619047619047,41.457142857142856,52.73529411764706,57.81609195402299,62.27450980392157,64.25,80.5,77,NA,NA,74.81818181818181
haddock,1978,27.545454545454547,38.5,51.840616966580974,58.85,65.1025641025641,68.44642857142857,71.25,NA,63,78,67.4
haddock,1979,30.525291828793776,35.86206896551724,50.14772727272727,57.52147239263804,63.55555555555556,69.93333333333334,70,69,69,NA,82
haddock,1980,26.105263157894736,40.642857142857146,50.54545454545455,57.25,62.325842696629216,65.85,70.5,71.2,80,80,79
haddock,1981,28.803030303030305,39.2680412371134,50.29017857142857,55.472727272727276,63.184615384615384,65.8641975308642,64.71428571428571,72,69.33333333333333,NA,NA
haddock,1982,23,37.45945945945946,47.84507042253521,55.33582089552239,59.85,66.46153846153847,69.78571428571429,77,74,72,NA
haddock,1983,26.319148936170212,36.92307692307692,47.644444444444446,55.90243902439025,60.35353535353536,66.1,68.85714285714286,70.68085106382979,80,73.5,73
haddock,1984,29.266666666666666,35.142857142857146,46.37837837837838,54.278688524590166,58.592592592592595,64.20833333333333,66,72.125,68.5,NA,75.66666666666667
haddock,1985,31.285714285714285,39.773049645390074,45.791304347826085,51.388888888888886,57.63414634146341,61.55172413793103,66.41304347826087,76.83333333333333,81,71.75,NA
haddock,1986,28.193548387096776,38,48.90510948905109,51.82608695652174,60.6,63.56,64.45454545454545,70.4375,73.4,77,NA
haddock,1987,24,41.57142857142857,48.583333333333336,54.92857142857143,57.857142857142854,63.583333333333336,69,74.6,76.66666666666667,NA,NA
haddock,1988,27.259615384615383,44.888888888888886,49.10843373493976,54.72727272727273,59.348837209302324,65.15384615384616,67.83333333333333,79.8,NA,NA,NA
haddock,1989,25.5,39.19047619047619,45.5,54.84905660377358,62.666666666666664,63.666666666666664,68,75.66666666666667,NA,82,NA
haddock,1990,35.19444444444444,37,49.8,53.916666666666664,57.78787878787879,63.2,68.625,88,NA,NA,NA
haddock,1991,29.571428571428573,43.375,51.92307692307692,54.71830985915493,59.125,62.22222222222222,63,69.5,75,NA,NA
haddock,1992,27.76,42.53125,53.333333333333336,56.30769230769231,57.28,60,63.857142857142854,69,68.75,NA,NA
haddock,1993,29.642857142857142,40.79527559055118,49.170731707317074,55.642857142857146,58.75,63.28888888888889,66.2,67,71,NA,NA
haddock,1994,26.415730337078653,38.92741935483871,49.1578947368421,54.5,60.55555555555556,59.75,63.6,64.75,68.33333333333333,NA,68.5
haddock,1995,27.767857142857142,38.89820359281437,47.217948717948715,54.92063492063492,58.333333333333336,63.083333333333336,64.71428571428571,67.6923076923077,71.25,74,74.33333333333333
haddock,1996,28.893939393939394,37,45.28780487804878,52.552083333333336,57.9811320754717,60,65,61,66.58333333333333,65.66666666666667,66
haddock,1997,25.71090047393365,39.94117647058823,44.8780487804878,51.40397350993378,58.028985507246375,63.45161290322581,63,66.9,65,68,68.5
haddock,1998,27.282758620689656,40.419117647058826,47.646153846153844,50.663366336633665,56.79710144927536,59.07142857142857,66.57142857142857,72,NA,73,67.33333333333333
haddock,1999,24.392617449664428,35.4485294117647,46.39622641509434,54.13559322033898,53.93333333333333,57.40350877192982,58.851851851851855,63.80952380952381,66.28571428571429,68.5,67
haddock,2000,25.571428571428573,37.65942028985507,44.8586387434555,52.39316239316239,56.596774193548384,57.9375,62.05263157894737,64.13333333333334,67.16666666666667,67.5,64
haddock,2001,26.219123505976096,38.02684563758389,45.1622418879056,51.56976744186046,58.32857142857143,59.114285714285714,64.58333333333333,62.625,63,70,74
haddock,2002,25.247191011235955,35.562130177514796,41.81111111111111,48.484848484848484,53.43055555555556,58.08108108108108,61.225806451612904,56.45454545454545,64.35714285714286,64.125,60
haddock,2003,21.75,33.851351351351354,42.9059829059829,45.333333333333336,51.802898550724635,55.926829268292686,62.09090909090909,66.33333333333333,58.63636363636363,64.57142857142857,64.875
haddock,2004,24.467248908296945,35.04761904761905,40.37179487179487,48.247956403269754,47.97142857142857,53.75925925925926,55.07692307692308,60.225806451612904,64.71428571428571,64,65.5
haddock,2005,21.20408163265306,31.871794871794872,40.86363636363637,44.63934426229508,51.205980066445186,51.52173913043478,54.666666666666664,59.05882352941177,58.333333333333336,74,69
haddock,2006,23.96685082872928,30.382978723404257,38.76401179941003,41.529411764705884,50.91304347826087,53.0258064516129,50.9375,54.54545454545455,57.25,60.6,60
haddock,2007,24.008064516129032,32.929577464788736,38.303030303030305,43.291044776119406,49.44444444444444,50,53.37313432835821,50.266666666666666,53.92857142857143,66.75,59
haddock,2008,27.923076923076923,33.235849056603776,39.49612403100775,44.22222222222222,48.093541202672604,46,56.285714285714285,54.233333333333334,53,57.42307692307692,52.5
haddock,2009,27.025641025641026,36.36893203883495,41.2,46.54621848739496,46.85,52.168067226890756,53.111111111111114,54.46666666666667,59.310344827586206,58.333333333333336,58.03846153846154
haddock,2010,25.54973821989529,36.11764705882353,42.72222222222222,45.91304347826087,49.0948275862069,48.88,53.1134163208852,NA,58.166666666666664,57.75,59.30769230769231
haddock,2011,23.376044568245124,35.256198347107436,41.75806451612903,45.69444444444444,48.588235294117645,50.30555555555556,52.142857142857146,53.345971563981045,51,53.5,57.77272727272727
haddock,2012,23.43006993006993,33.28382352941176,42.30263157894737,45.32142857142857,48.32142857142857,50.470588235294116,51.04255319148936,51.54545454545455,53.76243093922652,49,57.4
haddock,2013,25.342168674698794,32.80104712041885,39.82209469153515,47.53846153846154,48.8125,51.30434782608695,52.592592592592595,53.91304347826087,54.75,55.27619047619048,52
haddock,2014,23.064179104477613,34.73529411764706,39.43055555555556,43.702099737532805,47.17391304347826,50.86666666666667,52.72727272727273,54.666666666666664,55,62,55.46153846153846
haddock,2015,22.123529411764707,31.009655172413794,40.82958199356913,43.46236559139785,46.9009900990099,52.48148148148148,51.2,49.666666666666664,57.8,58.666666666666664,55.38461538461539
haddock,2016,22.82217090069284,28.81159420289855,36.33294186729301,45.333333333333336,47.811023622047244,49.21280276816609,53.333333333333336,52.5,55.6,58.857142857142854,58
haddock,2017,22.397142857142857,29.092307692307692,34.50588235294118,39.70089593383873,46.47,49.666666666666664,50.57586206896552,53.916666666666664,NA,NA,63
haddock,2018,23.445205479452056,31.01818181818182,34.838095238095235,38.95744680851064,42.91079812206573,50.265306122448976,50.08,51.650485436893206,54.5,58,64
haddock,2019,24.662721893491124,30.81132075471698,35.76056338028169,38.76744186046512,42.766666666666666,45.17574257425743,49.416666666666664,48.285714285714285,52.1025641025641,NA,NA
pollock,1970,22.59090909090909,35.75,45.53333333333333,60.95454545454545,67.41666666666667,74.2,75,78.5,80.8,82.5,90.23809523809524
pollock,1971,26.22222222222222,36.294117647058826,45.55172413793103,53.5,68.0909090909091,74.6470588235294,76,79.92307692307692,87,86.28571428571429,94.4
pollock,1972,22.333333333333332,34.724137931034484,45.32,62.857142857142854,72.14285714285714,77.66666666666667,78.81818181818181,82,82.25,82.4,89.71875
pollock,1973,27.666666666666668,32.5,48.05263157894737,58.63636363636363,68.52631578947368,76.21428571428571,80.14285714285714,81.66666666666667,81,85.36363636363636,94.16666666666667
pollock,1974,NA,34.25,42.224137931034484,58.391304347826086,69.66666666666667,74.29411764705883,81.25,81,NA,87.5,93.1875
pollock,1975,29.833333333333332,34.94736842105263,45.6,53.11538461538461,67.55555555555556,74.2,79.77777777777777,84.8,86.66666666666667,87.2,91
pollock,1976,24.8,31.705882352941178,43.64705882352941,57.2,66.22222222222223,74.35,79.5,83.58823529411765,88.875,89.33333333333333,92.92307692307692
pollock,1977,23.666666666666668,30.96551724137931,43.68421052631579,54.3125,66.53846153846153,71.48648648648648,80.05882352941177,84.93333333333334,86.5,88.66666666666667,95.13333333333334
pollock,1978,29,36.12903225806452,44.888888888888886,55.583333333333336,68,75.8,80.21875,83.36842105263158,87.77777777777777,91.42857142857143,95.5
pollock,1979,24.272727272727273,35.285714285714285,47.27777777777778,59.57142857142857,69.11538461538461,73.2,79.75,84.3,88.88888888888889,92.72727272727273,95.60714285714286
pollock,1980,25.09090909090909,39,48.9,55.611111111111114,66.76190476190476,69.11111111111111,77,84.11111111111111,85.125,92.4,98
pollock,1981,22,36.225806451612904,52.9375,61.285714285714285,65.33333333333333,71.27272727272727,77.75,85.6,81.33333333333333,87.875,96.27777777777777
pollock,1982,24.166666666666668,32.607142857142854,48.90625,60.68421052631579,67,73.35714285714286,74.85714285714286,78.8,86.8,95,97
pollock,1983,23.17241379310345,33.5,48.57142857142857,50.125,65.25,75,76,83.5,86.33333333333333,86.66666666666667,95.80952380952381
pollock,1984,22.4,33.84615384615385,42,52.285714285714285,63.416666666666664,71.66666666666667,70,84.33333333333333,83.5,93,92.71428571428571
pollock,1985,29.413793103448278,38.8,45.34375,58.81818181818182,62.90909090909091,69.18181818181819,76.8,NA,92.5,89.42857142857143,94.21428571428571
pollock,1986,26.2,38.94736842105263,48.578947368421055,53.26315789473684,65.25,72.72727272727273,75.2,81.75,93.33333333333333,88.5,92.625
pollock,1987,24.181818181818183,33.5,42.8,49.666666666666664,63.333333333333336,70.66666666666667,79.1,85.77777777777777,86.2,NA,93.14285714285714
pollock,1988,21.757575757575758,34.22222222222222,47,59.6,66.2,71.16666666666667,79.66666666666667,81.5,87.33333333333333,93.33333333333333,96.6
pollock,1989,22.464285714285715,31.727272727272727,44.77777777777778,55.13636363636363,61.25,66.3076923076923,70.25,75.25,77.5,86.4,93.75
pollock,1990,23.2,34.1,40.42857142857143,49.23076923076923,60.57142857142857,66.42857142857143,74.2,81,83.33333333333333,91,92.625
pollock,1991,22,32.5,44.1,53.02,60.125,70.42105263157895,70.36363636363636,77.5,85.5,NA,92.33333333333333
pollock,1992,21.029411764705884,31.020833333333332,41.827586206896555,52.92307692307692,62.8,72.63636363636364,77.71428571428571,79.2,NA,79.5,90.625
pollock,1993,20,28.77777777777778,39.42424242424242,48,57.5,68.63157894736842,79,77.33333333333333,85,90,107.5
pollock,1994,20,30.15,42.74285714285714,47.30769230769231,61.578947368421055,70.07142857142857,68,73.2,72,80,91.5
pollock,1995,21.875,32.5,41.82692307692308,46.75,57.645161290322584,63.833333333333336,73.8,80.33333333333333,87,96,NA
pollock,1996,24.52,34.09090909090909,45.625,53.17391304347826,60.75,68,77.33333333333333,82.5,NA,NA,NA
pollock,1997,22.975,33.1,41.25,49.82539682539682,59.028985507246375,70.125,75.07692307692308,82,90,92,NA
pollock,1998,20.606060606060606,33.3,41.09615384615385,52.45454545454545,60.916666666666664,67.45454545454545,76.61111111111111,79.42857142857143,86,NA,NA
pollock,1999,22.697674418604652,31.877777777777776,41.63636363636363,50.02272727272727,58.666666666666664,69.76190476190476,77.1,85.5,NA,NA,NA
pollock,2000,22.19736842105263,35.07692307692308,40.41935483870968,50.083333333333336,58.23076923076923,64.11111111111111,77,83.5,83,NA,NA
pollock,2001,21.607142857142858,31.06779661016949,43.15686274509804,54.69767441860465,60.2,68.12,76.9375,83.33333333333333,NA,95,101
pollock,2002,23.586206896551722,33.666666666666664,43.577777777777776,49.0377358490566,61.18421052631579,73.57142857142857,81.33333333333333,85,NA,NA,NA
pollock,2003,24.714285714285715,32.10144927536232,41.1578947368421,51.19565217391305,58,68,79.25,82.5,NA,NA,91.5
pollock,2004,23.555555555555557,29.195121951219512,42.27272727272727,53.65217391304348,58.87179487179487,65.76470588235294,74.8,78,NA,94,NA
pollock,2005,25,31.384615384615383,44.733333333333334,51.806451612903224,61.30555555555556,67.7948717948718,76.92,83.63636363636364,89.5,92.5,NA
pollock,2006,22.958333333333332,30.3125,41.2,48,58.76923076923077,65.51428571428572,73.69491525423729,83.2,91,90,NA
pollock,2007,24.82758620689655,31.941176470588236,39.82608695652174,52.46153846153846,57.67741935483871,65.45833333333333,74,82.6,80.5,NA,NA
pollock,2008,25.770833333333332,36.142857142857146,48.9,52.9,57.8125,63.73684210526316,68.3921568627451,73.45454545454545,78.74074074074075,84.45454545454545,92.75
pollock,2009,25.454545454545453,33.5,36.5,46.333333333333336,58.3,63.6,66.75,72.52380952380952,75.875,75.5,80.66666666666667
pollock,2010,19.761904761904763,30.4375,41.32,52.421052631578945,59.3125,61.45454545454545,69.38461538461539,73,76,74.33333333333333,84.33333333333333
pollock,2011,26.75438596491228,33.142857142857146,39.08,46.411764705882355,55.4375,61.78787878787879,67.15384615384616,74.23076923076923,72.4,80.4,81.66666666666667
pollock,2012,24.92063492063492,32.68181818181818,43.888888888888886,51.625,57.86363636363637,63.92307692307692,71.6,74.33333333333333,76.71428571428571,77.5,78.88888888888889
pollock,2013,27.727272727272727,32.910714285714285,37.45,47,51.75,63.3,63.666666666666664,72.1,70.5,78,83.6
pollock,2014,25.472727272727273,35.48,41.77777777777778,50.5,55.94444444444444,63.2,62.3,70.66666666666667,71,NA,90
pollock,2015,24.166666666666668,32.88421052631579,40.73913043478261,48,57.5,61.17391304347826,71.75,72.94736842105263,73,79,85.33333333333333
pollock,2016,29,30.79310344827586,35.73571428571429,44.78313253012048,52.66153846153846,60.65217391304348,67.36363636363636,72.5,73.75,82,NA
pollock,2017,27,29.526315789473685,36.1,45.355555555555554,54.16,58.833333333333336,68.33333333333333,69.66666666666667,74,71,NA
pollock,2018,24.5,33.5,38.46153846153846,46.529411764705884,51.92,61.9,62.888888888888886,67.55555555555556,74,NA,NA
pollock,2019,29,29,38.61538461538461,43.888888888888886,57.35294117647059,60.86046511627907,66.8,67.6470588235294,67,NA,NA
scup,1971,NA,18,NA,NA,NA,NA,NA,NA,NA,NA,NA
scup,1973,NA,NA,NA,25,28,NA,NA,34,NA,NA,NA
scup,1976,16,19,NA,NA,NA,NA,NA,NA,NA,NA,NA
scup,1977,15.441176470588236,18.605263157894736,23.714285714285715,25.53846153846154,27.333333333333332,26,31,NA,NA,NA,38
scup,1978,15.870967741935484,20.27777777777778,23.62857142857143,26.166666666666668,28.363636363636363,29.857142857142858,NA,32,NA,NA,40
scup,1979,15.56,19.529411764705884,21,24.764705882352942,27.2,30,31.8,33,28,NA,NA
scup,1980,13.5,18.942857142857143,22.066666666666666,24.333333333333332,27.125,28.6,32,32,32,NA,NA
scup,1981,16,20.27777777777778,24,28,27,30.5,NA,31.5,NA,NA,NA
scup,1982,15.083333333333334,19.043478260869566,23.2,25.6,28.75,29.714285714285715,33,34,NA,NA,NA
scup,1983,14.057142857142857,19,23,NA,NA,NA,31,NA,NA,NA,NA
scup,1984,14.166666666666666,18.875,22,25.5,25.5,NA,NA,NA,NA,NA,NA
scup,1985,14.342105263157896,19.454545454545453,24.22222222222222,26,30,NA,NA,NA,NA,NA,NA
scup,1986,14.333333333333334,19.22222222222222,24,28,NA,NA,NA,NA,NA,NA,NA
scup,1987,11.71875,18.25,22.09090909090909,24.7,26.5,29.666666666666668,33,34,NA,NA,34
scup,1988,11.266666666666667,17.3,21,25.5,NA,30,36,NA,NA,NA,NA
scup,1989,13.606060606060606,18.64,22.5,NA,NA,NA,NA,NA,NA,NA,NA
scup,1990,14.2,18.625,21.928571428571427,25.666666666666668,31,29.5,34,NA,NA,NA,NA
scup,1991,14.130434782608695,20,21.833333333333332,26.333333333333332,NA,NA,NA,NA,NA,NA,NA
scup,1992,13.386363636363637,19.695652173913043,24.571428571428573,25.75,26,31,NA,NA,NA,NA,NA
scup,1993,11.071428571428571,18.225806451612904,23.8,26.5,30,NA,NA,NA,NA,NA,NA
scup,1994,13.181818181818182,18.666666666666668,22.25,25,NA,NA,NA,NA,NA,NA,NA
scup,1995,13.486486486486486,18.68421052631579,23,25.75,NA,NA,NA,NA,NA,NA,NA
scup,1996,13.521739130434783,20.214285714285715,23.2,26,NA,NA,NA,NA,NA,NA,NA
scup,1997,11.2,18.045454545454547,22.333333333333332,NA,NA,NA,NA,NA,NA,NA,NA
scup,1998,12.979166666666666,17.5,22.333333333333332,NA,NA,NA,NA,NA,NA,NA,NA
scup,1999,13.72972972972973,19.36842105263158,28,29,NA,NA,NA,NA,NA,NA,NA
scup,2000,14.454545454545455,20.61111111111111,24.166666666666668,26,30,NA,NA,NA,NA,NA,NA
scup,2001,14.916666666666666,20,24.666666666666668,28.5,31,NA,NA,NA,NA,NA,NA
scup,2002,13.438356164383562,17.942857142857143,22.853658536585368,27.15,29,NA,NA,NA,NA,NA,NA
scup,2003,12,19.607142857142858,23.5,27.22222222222222,31.333333333333332,NA,NA,NA,NA,NA,NA
scup,2004,12.23076923076923,17.48,22.5,26.142857142857142,27.22222222222222,32,NA,NA,NA,NA,NA
scup,2005,11.381818181818181,17.434782608695652,22.4,25.2,28.333333333333332,33,NA,NA,NA,NA,NA
scup,2006,13.75,17.928571428571427,21.90909090909091,25.857142857142858,28.8,31.625,34,NA,NA,NA,NA
scup,2007,12.979166666666666,18.31578947368421,23.470588235294116,27,28.8,31.75,34,NA,NA,NA,NA
scup,2008,11.583333333333334,17.31578947368421,21.6,26.333333333333332,28.2,30.333333333333332,33.333333333333336,34.25,NA,NA,NA
scup,2009,13.61038961038961,18.238095238095237,23.555555555555557,25.5,28,NA,NA,NA,NA,NA,NA
scup,2010,10.929133858267717,18.32,23.272727272727273,26.157894736842106,28.82608695652174,32.45454545454545,34,34.5,39,38,NA
scup,2011,12.513043478260869,18.06451612903226,22.05263157894737,25.944444444444443,28.166666666666668,31.666666666666668,NA,35,41,NA,NA
scup,2012,11.94890510948905,19.54054054054054,24.2,26.166666666666668,28.692307692307693,31.142857142857142,32.75,33,NA,NA,NA
scup,2013,12.621621621621621,17.862745098039216,23.333333333333332,27.125,29.357142857142858,30.4,30,36,NA,NA,NA
scup,2014,13.627906976744185,18.703703703703702,22.32,26,28,30.6,32,34.625,35,39,42.666666666666664
scup,2015,13.439024390243903,20.02777777777778,24.625,26,28.125,29.666666666666668,31.5,33,34.5,33,35
scup,2016,13,19.344827586206897,22.862068965517242,27.11764705882353,28.266666666666666,30.09090909090909,31.083333333333332,32.111111111111114,34,33.2,34.375
scup,2017,10.365384615384615,16.383333333333333,21.310344827586206,25.7,28.5,28.4,NA,33.5,34,38,NA
scup,2018,12.72340425531915,17.405405405405407,21.829268292682926,24.804347826086957,28,30.4375,31.625,33.5,34.25,33.8,32
scup,2019,12.987951807228916,17.692307692307693,20.785714285714285,22.583333333333332,26.387096774193548,27.833333333333332,29.444444444444443,32,33,31.5,35.25
silver hake,1973,21.158536585365855,29.043478260869566,34.93127147766323,40.27131782945737,44.64102564102564,49.916666666666664,50,NA,NA,54.666666666666664,57
silver hake,1974,13.92436974789916,25.4438202247191,31.519434628975265,36.57823129251701,41.698113207547166,41.7,49,NA,48.5,NA,61
silver hake,1975,23.466019417475728,26.743654822335024,32.23963133640553,38.00529100529101,42.425,49,46,50,59,60,NA
silver hake,1976,20.626373626373628,27.418897637795276,32.545833333333334,37.88392857142857,43.33766233766234,47.25,48.68421052631579,63.333333333333336,66,NA,NA
silver hake,1977,19.106617647058822,25.920980926430516,32.38967971530249,36.44736842105263,42.231884057971016,46.26923076923077,49.166666666666664,50.25,66,NA,NA
silver hake,1978,21.056930693069308,27.93606138107417,33.82380952380952,37.18250950570342,37.78021978021978,45.301886792452834,45.57142857142857,51,NA,NA,NA
silver hake,1979,21.47721179624665,26.979206049149337,34.75,36.53636363636364,38.986486486486484,38.48598130841121,44.5,49.166666666666664,63,NA,68
silver hake,1980,21.188034188034187,27.215151515151515,31.564245810055866,35.32089552238806,37.289855072463766,40.028169014084504,40.107142857142854,41.8125,41.75,53,65
silver hake,1981,21.510373443983404,26.77922077922078,31.610344827586207,33.689320388349515,36.48051948051948,39.793103448275865,41.18181818181818,42.458333333333336,42.2,NA,NA
silver hake,1982,20.671195652173914,28.543010752688172,33.405797101449274,35.359223300970875,37.07954545454545,38.333333333333336,38.23076923076923,41.142857142857146,46.2,44.4,65
silver hake,1983,22.399538106235564,27.59040590405904,34,35.97260273972603,37.72727272727273,39.3448275862069,41.666666666666664,34,42,42,NA
silver hake,1984,20.586666666666666,29.40281030444965,33.375,38.23529411764706,38.411764705882355,36.25,45,NA,36,NA,NA
silver hake,1985,21.91470054446461,29.158227848101266,33.598130841121495,36.66115702479339,40.035714285714285,48.2,40.714285714285715,35,34,NA,NA
silver hake,1986,20.75728155339806,29.462897526501767,33.575949367088604,35.28846153846154,36.91891891891892,36.2,NA,36,NA,NA,NA
silver hake,1987,19.948936170212765,26.78082191780822,33.11746031746032,35.56521739130435,37.89655172413793,50,61,60,NA,NA,NA
silver hake,1988,18.080246913580247,26.268817204301076,30.23433242506812,35.411764705882355,38.166666666666664,49.666666666666664,NA,NA,NA,NA,NA
silver hake,1989,19.2803738317757,27.01593625498008,31.557491289198605,34.75268817204301,39.2,43,NA,NA,NA,NA,12
silver hake,1990,17.578073089700997,27.1171875,32.04405286343612,35.10434782608696,39.72727272727273,37,NA,NA,NA,NA,NA
silver hake,1991,17.83956043956044,27.188,30.875,34.38926174496644,38.375,40.81818181818182,38,NA,NA,NA,NA
silver hake,1992,16.852320675105485,24.89012738853503,30.69060773480663,34.32743362831859,39.57142857142857,48,NA,NA,NA,NA,NA
silver hake,1993,18.077981651376145,24.776905829596412,30.381877022653722,33.89473684210526,39,NA,NA,NA,NA,NA,NA
silver hake,1994,17.979591836734695,24.618198874296436,28.824110671936758,34.87096774193548,45,51,NA,NA,NA,NA,NA
silver hake,1995,18.288702928870293,23.32435740514076,29.8525,33.631147540983605,46.42857142857143,49,NA,NA,NA,NA,NA
silver hake,1996,17.512396694214875,24.278637770897834,28.775160599571734,34.95,42.714285714285715,55.5,NA,NA,NA,NA,NA
silver hake,1997,19.203579418344518,26.082901554404145,30.60146699266504,35.36708860759494,41.857142857142854,47,NA,NA,NA,NA,NA
silver hake,1998,18.238482384823847,23.533414337788578,30.126794258373206,37.646341463414636,43.4,51.75,NA,NA,NA,NA,NA
silver hake,1999,16.474885844748858,24.046153846153846,30.324937027707808,37.82692307692308,45.65217391304348,50,55,NA,NA,NA,NA
silver hake,2000,19.127376425855513,23.186679174484052,29.702797202797203,37.70338983050848,44.705882352941174,42,58,NA,NA,NA,NA
silver hake,2001,17.53033268101761,23.777246653919693,29.051863857374393,36.19897959183673,45.26923076923077,60,NA,NA,NA,NA,NA
silver hake,2002,19.876595744680852,23.627492130115424,28.1395793499044,34.883495145631066,44.6,56.75,NA,NA,NA,NA,NA
silver hake,2003,18.556933483652763,22.093908629441625,29.753694581280786,34.264150943396224,46.22222222222222,53,NA,NA,NA,NA,NA
silver hake,2004,17.43831640058055,22.33451536643026,29.462962962962962,34.13861386138614,44.5,41,NA,NA,NA,NA,NA
silver hake,2005,18.896929824561404,24.669565217391305,28.11231884057971,34.70454545454545,39.833333333333336,33,NA,NA,NA,NA,NA
silver hake,2006,20.939068100358423,27.841216216216218,29.095238095238095,30.835616438356166,36.666666666666664,37,NA,NA,NA,NA,NA
silver hake,2007,20.26986899563319,27.735238095238095,31.536912751677853,33.87234042553192,36.4375,NA,32,NA,NA,33,NA
silver hake,2008,19.992826398852223,26.384122919334185,32.791666666666664,37.25,38.666666666666664,35.333333333333336,53,NA,NA,NA,NA
silver hake,2009,19.117021276595743,27.515370705244123,32.474489795918366,39.36666666666667,42.55555555555556,NA,41,NA,NA,NA,NA
silver hake,2010,18.97859690844233,28.1328320802005,32.666666666666664,37.68263473053892,47.888888888888886,NA,NA,NA,NA,NA,NA
silver hake,2011,18.497084548104958,27.856175972927243,34.60891089108911,39.730496453900706,44.37931034482759,49.333333333333336,NA,NA,NA,NA,NA
silver hake,2012,25.697029702970298,32.39430894308943,38.229729729729726,44.19444444444444,50.285714285714285,51.75,NA,NA,NA,NA,NA
silver hake,2013,22.035330261136714,29.318858560794045,34.83236994219653,39.77777777777778,43.86842105263158,49,57,58,NA,NA,NA
silver hake,2014,21.020408163265305,29.03747870528109,35.3896499238965,41.74444444444445,46.46774193548387,49.63636363636363,54.4,48.333333333333336,NA,NA,NA
silver hake,2015,19.363636363636363,27.47787610619469,34.23922413793103,40.40631163708087,47.280701754385966,48.03448275862069,56,NA,NA,NA,NA
silver hake,2016,21.86051502145923,28.475409836065573,32.41059602649007,38.972972972972975,45.83221476510067,53.432432432432435,57.94444444444444,61.5,NA,NA,NA
silver hake,2017,18.26086956521739,27.458715596330276,33.40909090909091,35.66304347826087,40.406666666666666,45.310679611650485,50.333333333333336,55.666666666666664,NA,NA,NA
silver hake,2018,17.91304347826087,28.107142857142858,32.03333333333333,37.130434782608695,39.829268292682926,41,47.77777777777778,46,NA,NA,NA
silver hake,2019,21.03531598513011,28.190672153635116,33.808383233532936,35.54609929078014,39.24242424242424,42.18055555555556,46.81818181818182,56,NA,NA,NA
white hake,1982,26.642857142857142,36.11267605633803,44.80152671755725,56.075,69.13888888888889,81.75,84,94.33333333333333,NA,116,116.33333333333333
white hake,1983,25.620689655172413,34.65765765765766,44.685534591194966,60.27058823529412,69.45,81.6,89,102,NA,115,117
white hake,1984,25.625,36.2037037037037,47.320388349514566,60.42307692307692,71.03030303030303,76.35714285714286,89.5,76,NA,NA,120.66666666666667
white hake,1985,27.40277777777778,36.627906976744185,45.59602649006622,58.988235294117644,69.65384615384616,81.25,87,97,NA,NA,NA
white hake,1986,23.75,35.02008032128514,42.42965779467681,56.85526315789474,70.4888888888889,78.6875,83,96,96.5,108,NA
white hake,1987,25.666666666666668,34.936708860759495,47.35078534031414,60.27272727272727,74.45454545454545,82.5,77,84,90,NA,110.5
white hake,1988,25.130434782608695,34.673469387755105,45.3177570093458,59.81521739130435,67.78571428571429,78,81,86.5,NA,136,89
white hake,1989,24.176470588235293,33.83846153846154,45.21301775147929,58,69.8,76.30434782608695,89.33333333333333,84,NA,NA,NA
white hake,1990,25.825396825396826,35.68571428571428,46.407407407407405,57.672413793103445,69.48,78.33333333333333,79.66666666666667,94.66666666666667,NA,116.5,NA
white hake,1991,25.380281690140844,35.764900662251655,46.22027972027972,57.07462686567164,67.14,72.54545454545455,85,NA,NA,90,131
white hake,1992,26.857142857142858,35.54913294797688,45.82767624020888,54.74311926605505,71.22727272727273,82.2,87,96.66666666666667,NA,115,NA
white hake,1993,23.175,32.86893203883495,46.14057507987221,59.29223744292238,70.04545454545455,81.71428571428571,NA,NA,NA,NA,NA
white hake,1994,24.96078431372549,33.29694323144105,44.69135802469136,58.79611650485437,69.14814814814815,78.57142857142857,87.66666666666667,93.5,NA,NA,NA
white hake,1995,24.90909090909091,37.742489270386265,45.77307692307692,58.42168674698795,69.4375,74.28571428571429,91.33333333333333,96,NA,99,126
white hake,1996,21.65909090909091,34.38461538461539,46.92253521126761,59.794117647058826,67.46511627906976,74.25,87,94.75,91.25,94,NA
white hake,1997,24.393939393939394,35.28,45.36036036036036,59.345454545454544,69.07142857142857,75,87,89,NA,109,NA
white hake,1998,24.163265306122447,34.3475935828877,45.42028985507246,58.5625,68.06666666666666,77.83333333333333,85.33333333333333,92.5,NA,NA,NA
white hake,1999,24.607142857142858,33.608695652173914,43.9940119760479,56.94871794871795,65.91176470588235,74.91666666666667,82.75,89,NA,NA,NA
white hake,2000,24.175,34.918454935622314,43.15813953488372,58.36708860759494,67.02631578947368,72.3,81.33333333333333,94,93,NA,110
white hake,2001,26.68421052631579,38.91139240506329,48.00487804878049,54.05521472392638,63.63157894736842,73.35,83.42857142857143,90.66666666666667,93,100,108
white hake,2002,31.05263157894737,38.13513513513514,52.32098765432099,61.481818181818184,66.73684210526316,72.41666666666667,77.42857142857143,89.66666666666667,NA,NA,113.5
white hake,2003,28.193548387096776,33.09375,46.1875,59.21052631578947,67.61764705882354,71.1,76,77.5,70,NA,110
white hake,2004,31.5,38.806451612903224,44.621212121212125,54.27272727272727,72.3125,78.5,NA,96,107.5,NA,NA
white hake,2005,30.666666666666668,37.76470588235294,43.93055555555556,56.36065573770492,65.53846153846153,69.4,79.94444444444444,86.75,87,88.66666666666667,93.8
white hake,2006,30.864864864864863,36.9875,46.416666666666664,56.96875,66.28571428571429,73.84615384615384,71.33333333333333,81.27272727272727,NA,66,111
white hake,2007,32.265625,41.05714285714286,50.075,57.940298507462686,65.33333333333333,73.83333333333333,78.25,79.33333333333333,84.11111111111111,73.5,105.66666666666667
white hake,2008,29.62135922330097,38.431654676258994,49.20987654320987,59.13793103448276,68,77.14285714285714,80.33333333333333,72.5,79.6,78,NA
white hake,2009,27.672064777327936,37.470219435736674,45.17131474103586,53.87301587301587,61.955555555555556,72.42424242424242,74.63636363636364,81.5,NA,69,78.2
white hake,2010,30.95945945945946,38.31218274111675,49.049180327868854,57.037267080745345,64.59493670886076,71.93548387096774,80.33333333333333,83.16666666666667,82,NA,78.28571428571429
white hake,2011,30.19047619047619,39.081911262798634,49.238434163701065,59.17058823529412,66.91358024691358,72.78260869565217,76.3125,86.25,89,NA,86.5
white hake,2012,30.79746835443038,37.43693693693694,45.05106382978723,56.37078651685393,66.68131868131869,72.78260869565217,76.73076923076923,81.66666666666667,86,104.33333333333333,NA
white hake,2013,30.672727272727272,36.67251461988304,47.01219512195122,57.7,64.72,70.41666666666667,77.66666666666667,80.66666666666667,72,79,NA
white hake,2014,27.897435897435898,38.21008403361345,42.28030303030303,51.24561403508772,58.054054054054056,62.886792452830186,70.36363636363636,81.63636363636364,77.2,NA,103
white hake,2015,27.941558441558442,34.8643216080402,41.697916666666664,49.15923566878981,58.494949494949495,66.66666666666667,71.81818181818181,73.6,83,96.66666666666667,NA
white hake,2016,31.21818181818182,37.472527472527474,43.09803921568628,50.59375,58.72380952380952,67.6875,73.625,84.33333333333333,92,76,NA
white hake,2017,28.52112676056338,38.6078431372549,43.51034482758621,49.648275862068964,58.84892086330935,66.78181818181818,75.45,90,NA,NA,NA
white hake,2018,28.37142857142857,37.827586206896555,42.5632183908046,52.96969696969697,56.734693877551024,66.04347826086956,74.4375,74,94.5,69,116
white hake,2019,24.024242424242424,35.45333333333333,41.75909090909091,49.14525139664804,57.13978494623656,67.6875,76.44,87.6,95,NA,110.5
winter flounder,1976,22.833333333333332,27.78181818181818,32.86842105263158,36.78125,41.8,44.5,44.53846153846154,51.833333333333336,50,NA,49
winter flounder,1977,22,25.464285714285715,33.310344827586206,39.629629629629626,40.5,45.8,56,51.8,53,48,52
winter flounder,1980,18.333333333333332,26.943396226415093,33.3304347826087,40.84090909090909,47.03333333333333,49.13333333333333,NA,52.666666666666664,59,NA,63
winter flounder,1981,23.17948717948718,27.79746835443038,33.48275862068966,40.94285714285714,44.95454545454545,48.6875,51.86666666666667,53.333333333333336,54,59,NA
winter flounder,1982,21.837209302325583,27.096774193548388,33.946666666666665,39.72727272727273,42.75,49.36363636363637,52,51.5,NA,NA,57.5
winter flounder,1983,20.41176470588235,26.05,32.642857142857146,36.71641791044776,41.333333333333336,44.15384615384615,45.5,49.3,54.5,56,63
winter flounder,1984,20.90909090909091,26.644444444444446,33.2375,37.779411764705884,40.58620689655172,44.6,46.666666666666664,49.09090909090909,43,55,54.75
winter flounder,1985,15.363636363636363,24.803571428571427,30.465753424657535,35.645833333333336,39.44444444444444,44.86666666666667,45.916666666666664,50,NA,NA,57
winter flounder,1986,23.225806451612904,28.403225806451612,32.79761904761905,38.78125,43.625,44.25,48,45.5,53,55,62
winter flounder,1987,17.571428571428573,26.022222222222222,31.76923076923077,37.1219512195122,39.357142857142854,48,47,52,53,NA,NA
winter flounder,1988,22.208333333333332,26.463414634146343,30.91588785046729,35.588235294117645,38.904761904761905,41.22222222222222,44,50,47,NA,NA
winter flounder,1989,19.285714285714285,26.046153846153846,30.520833333333332,34.85,38.44,44.8,45.75,46,NA,NA,NA
winter flounder,1990,16.583333333333332,24.732142857142858,30.15625,34.027027027027025,37.1578947368421,41,40,43,43.333333333333336,44,NA
winter flounder,1991,15,25.357142857142858,30.727272727272727,36.36734693877551,38.875,43.25,46.666666666666664,NA,54,NA,NA
winter flounder,1992,16.933333333333334,25.845454545454544,31.07777777777778,33.660377358490564,37.44,41,41.75,NA,53,NA,NA
winter flounder,1993,19.657894736842106,24.379310344827587,32.671875,37.05555555555556,34.72727272727273,41.6,48.333333333333336,55,57,NA,NA
winter flounder,1994,20,27.582781456953644,31.84313725490196,35.13725490196079,36.56,40.46153846153846,NA,NA,56,NA,NA
winter flounder,1995,22.510204081632654,27.675,33.030534351145036,34.54716981132076,39,39.22222222222222,37.833333333333336,53,NA,NA,NA
winter flounder,1996,20.517241379310345,27.864864864864863,33.08771929824562,36.20879120879121,38.59375,42.5,50.22222222222222,46.5,47,NA,NA
winter flounder,1997,19.763157894736842,28.2972972972973,33.75342465753425,36.822784810126585,37.5,41.5,43.5,39,57,NA,NA
winter flounder,1998,21.43859649122807,26.091603053435115,33.794285714285714,38.223214285714285,41.648648648648646,45.5,58,NA,NA,NA,NA
winter flounder,1999,20.29850746268657,27.915584415584416,33.02877697841727,36.8235294117647,42.64179104477612,43.95652173913044,47.142857142857146,52.333333333333336,NA,NA,NA
winter flounder,2000,19.612244897959183,27.536231884057973,31.627777777777776,35.634408602150536,40.174418604651166,42.71739130434783,48.166666666666664,48.6,45.2,NA,NA
winter flounder,2001,22.13888888888889,27.709302325581394,35.08527131782946,35.540983606557376,38.08620689655172,41.45238095238095,44.464285714285715,45.166666666666664,47,NA,NA
winter flounder,2002,22.03846153846154,28.035714285714285,32.8125,37.63309352517986,40.75555555555555,44.84444444444444,47.9,49.69230769230769,49.125,54,NA
winter flounder,2003,22.37037037037037,28.745098039215687,32.86868686868687,37.03448275862069,41.01639344262295,39.5609756097561,43.2,47.5,NA,NA,NA
winter flounder,2004,21.03174603174603,28.814285714285713,31.983606557377048,36.75675675675676,40.526315789473685,42.5,46.2,57,43,NA,NA
winter flounder,2005,21.11111111111111,27.401960784313726,31.817073170731707,35.63095238095238,37.24193548387097,42.411764705882355,45,46.2,46,41,58
winter flounder,2006,18.4390243902439,27.144329896907216,30.864864864864863,36.48780487804878,40.15492957746479,43.11764705882353,51,53,NA,NA,NA
winter flounder,2007,21.043478260869566,28.807692307692307,33.08433734939759,35.885714285714286,39.303030303030305,40.096774193548384,44.888888888888886,55.333333333333336,46,NA,NA
winter flounder,2008,20.533333333333335,27.729166666666668,32.43589743589744,35.24,38.90163934426229,41.21875,44.25,51.5,50,53,50
winter flounder,2009,18.063157894736843,27.869230769230768,34.004444444444445,35.93150684931507,38.54022988505747,41.40677966101695,43.375,49.55555555555556,45.75,56.333333333333336,53.25
winter flounder,2010,18.44578313253012,25.412087912087912,30.40740740740741,35.189542483660134,35.960396039603964,38.23076923076923,38.17857142857143,38.25,40.666666666666664,49,49.5
winter flounder,2011,19.697674418604652,24.893805309734514,30.014285714285716,35.24832214765101,39.676767676767675,39.34146341463415,40.75,44.375,49.25,46,53
winter flounder,2012,19.642105263157895,27.304568527918782,31.32620320855615,37.132183908045974,40,42.310344827586206,42.458333333333336,41.69230769230769,43.333333333333336,39,49.375
winter flounder,2013,15.839506172839506,25.586206896551722,31.027397260273972,35.46938775510204,39.56521739130435,41.23287671232877,43.083333333333336,42.86666666666667,46.3,44,50
winter flounder,2014,19.817073170731707,25.33684210526316,30.576158940397352,33.8448275862069,34.813559322033896,38.625,39.01960784313726,42.473684210526315,42.75,44.8,42.125
winter flounder,2015,16,26.857142857142858,30.74774774774775,35.18181818181818,36.96774193548387,38.233333333333334,41.733333333333334,43.84375,41,48.8,44
winter flounder,2016,20.10483870967742,26.83823529411765,30.945205479452056,33.20338983050848,36.55844155844156,38.69230769230769,38.63636363636363,39.31578947368421,43.55,46.8,41.6
winter flounder,2017,16.176470588235293,25.714285714285715,30.048387096774192,34.486111111111114,38.1,44.078947368421055,43.21052631578947,47.888888888888886,45.666666666666664,45.857142857142854,52.375
winter flounder,2018,20.86764705882353,28.04225352112676,31.91025641025641,32.951219512195124,36.89473684210526,35.23529411764706,44.04,42.22222222222222,42.44444444444444,48.166666666666664,46.81818181818182
winter flounder,2019,20.027027027027028,27.314606741573034,31.7,31.83050847457627,33.8,38.5,40.94736842105263,45.22222222222222,45.833333333333336,44,48.5
witch flounder,1982,NA,NA,21.6,26.176470588235293,30.41176470588235,34.1764705882353,40.130434782608695,43.25,46.125,50.375,54.54545454545455
witch flounder,1983,14,NA,20.88888888888889,28.470588235294116,32.75675675675676,37.77777777777778,41.473684210526315,43.266666666666666,45.36363636363637,52.25,55.93103448275862
witch flounder,1984,NA,NA,23.5,29.676470588235293,33.51219512195122,37.88235294117647,42.241379310344826,44.3125,46.7,49.142857142857146,54.03030303030303
witch flounder,1985,NA,NA,22.166666666666668,27.708333333333332,33.575,37.891891891891895,41.857142857142854,45.32,46.8,47.9,54.888888888888886
witch flounder,1986,12.333333333333334,19.5,24.625,27.307692307692307,33.935483870967744,37.925,41.916666666666664,46.07142857142857,48.666666666666664,50.5,55.5
witch flounder,1987,NA,NA,25,26.8,32.69230769230769,38.27272727272727,40.81818181818182,43.09090909090909,47,50.333333333333336,56.22222222222222
witch flounder,1988,9,15,23.923076923076923,30,33.8,40.45454545454545,43.03333333333333,46.785714285714285,50.57142857142857,52.8,55.55555555555556
witch flounder,1989,11,17.8,23.444444444444443,28.568181818181817,32.916666666666664,40.142857142857146,42.8,45,50.333333333333336,51,57.125
witch flounder,1990,15.2,17.727272727272727,25.954545454545453,30.2,33.78947368421053,38.666666666666664,41.2,46.25,50.2,50,53.8
witch flounder,1991,12,19.636363636363637,23.596153846153847,29.73076923076923,35.69565217391305,38.76470588235294,41.22222222222222,45.36363636363637,44.8,52.416666666666664,52.125
witch flounder,1992,8.666666666666666,21.571428571428573,25.620689655172413,30.195121951219512,36.5,37.166666666666664,40.94117647058823,44.4,47.583333333333336,47.666666666666664,53.07692307692308
witch flounder,1993,13.021739130434783,19.4375,26.192307692307693,31.016129032258064,33.97560975609756,38.705882352941174,40.85,44.875,47.666666666666664,50.285714285714285,53.53333333333333
witch flounder,1994,13.238095238095237,18.53846153846154,22.761904761904763,29.941176470588236,35.345454545454544,38.6,42.642857142857146,42.333333333333336,49.5,49,55.625
witch flounder,1995,14.733333333333333,20.452380952380953,24.63953488372093,29.35593220338983,35.02325581395349,38.35897435897436,41.36363636363637,45.2,51.666666666666664,51.166666666666664,56
witch flounder,1996,12.833333333333334,18.77777777777778,24.097560975609756,29.166666666666668,33.586666666666666,38.45945945945946,41.2,44.6,49.5,NA,53
witch flounder,1997,14.666666666666666,19.419354838709676,23.677419354838708,29.985294117647058,33.58441558441559,37.02439024390244,41.785714285714285,43.8,NA,46,51
witch flounder,1998,13.125,20.125,25.50602409638554,30.017543859649123,33.833333333333336,36.52777777777778,40.354838709677416,43.111111111111114,46.142857142857146,42,52.333333333333336
witch flounder,1999,13.588235294117647,19.884057971014492,25.44705882352941,29.738636363636363,34.225352112676056,37.48717948717949,40.86842105263158,43.45454545454545,45,47.5,NA
witch flounder,2000,15.8,21.08823529411765,23.88095238095238,29.333333333333332,32.125,37.333333333333336,40,42.05882352941177,43.6,46.75,51
witch flounder,2001,9.88888888888889,18.181818181818183,24.964285714285715,29.036496350364963,32.51219512195122,35.554054054054056,38.54545454545455,40.03703703703704,39.4375,42.7,38
witch flounder,2002,NA,21.05,21.962962962962962,29.93846153846154,33.142857142857146,35.701492537313435,38.582089552238806,41.23076923076923,43.611111111111114,43.3,48.63636363636363
witch flounder,2003,NA,21,23.2,27.91549295774648,31.780701754385966,34.44642857142857,37.22222222222222,39.78378378378378,42.16129032258065,42.666666666666664,45.470588235294116
witch flounder,2004,15,19.25,24.714285714285715,29.11627906976744,32.1578947368421,34.36486486486486,37.421052631578945,38.66,41.46666666666667,41.888888888888886,45.208333333333336
witch flounder,2005,16.125,20.266666666666666,22.555555555555557,29.555555555555557,32.76315789473684,35.470588235294116,38.84615384615385,40.666666666666664,42.55,43.666666666666664,47.22222222222222
witch flounder,2006,13.727272727272727,20.72,24.181818181818183,28.52,32.92857142857143,34.958333333333336,38.28358208955224,40.45454545454545,41.63636363636363,44,47.375
witch flounder,2007,16,20.428571428571427,26.43243243243243,30.238095238095237,31.257142857142856,33.77142857142857,36.5,40.611111111111114,42.266666666666666,NA,48.333333333333336
witch flounder,2008,14,20.137931034482758,26.3,29.892156862745097,32.888888888888886,35.125,38.333333333333336,41.15,44.18181818181818,45.5,47.5
witch flounder,2009,13.261904761904763,20.695652173913043,25,29.878205128205128,33.0625,34.973214285714285,37.85840707964602,40.083333333333336,43.26923076923077,43.69230769230769,47.5
witch flounder,2010,14.378378378378379,20.941666666666666,25.14666666666667,29.313725490196077,32.4320987654321,34.31693989071038,35.78378378378378,39.52238805970149,42.25,43.8,46.85
witch flounder,2011,13.923076923076923,20.8125,25.62264150943396,29.225,32.98913043478261,35.916666666666664,38.24590163934426,40.945945945945944,42.625,44.06896551724138,46.45
witch flounder,2012,14.734375,21.25,27.097142857142856,29.171641791044777,30.822033898305083,34.09756097560975,36.89473684210526,40.01428571428571,43.675,44.94444444444444,46.125
witch flounder,2013,15.25,24.166666666666668,27.19047619047619,31.098360655737704,32.392857142857146,32.03333333333333,35.708333333333336,40.1875,41.111111111111114,44.1,46.333333333333336
witch flounder,2014,13.580246913580247,21.625954198473284,27.626943005181346,30.827272727272728,33.348066298342545,34.96116504854369,37.40909090909091,40.11363636363637,43.62162162162162,42.54545454545455,47.625
witch flounder,2015,15.820512820512821,21.727272727272727,25.96713615023474,30.869565217391305,32.7109375,35.424731182795696,37.58620689655172,39.077922077922075,43.77142857142857,43.44444444444444,49
witch flounder,2016,15.196078431372548,22.942307692307693,27.853146853146853,30.080291970802918,34.18378378378378,34.527472527472526,37.957264957264954,38.8780487804878,42,43.666666666666664,46.15384615384615
witch flounder,2017,15.659090909090908,23.963414634146343,26.791666666666668,31.610921501706486,33.23863636363637,37.11570247933884,36.53061224489796,38.506024096385545,40.391304347826086,38.88235294117647,41.75
witch flounder,2018,14.428571428571429,22.893617021276597,28.265625,31.641509433962263,34.353591160220994,36.310344827586206,38.14736842105263,39.0625,41.03448275862069,41.5625,45.666666666666664
witch flounder,2019,13.980392156862745,22.4,26.4811320754717,30.913978494623656,33.16867469879518,35.90243902439025,37.214285714285715,38.896103896103895,41.65217391304348,41.69565217391305,44.61538461538461
yellowtail flounder,1970,20.683673469387756,26.815899581589957,30.8,34.5,38.18390804597701,40.3448275862069,43.72727272727273,43.5,45,48.5,NA
yellowtail flounder,1971,19.936363636363637,26.04722222222222,32.20872274143302,34.411764705882355,37.81927710843374,41.22222222222222,43,45.5,48,47,NA
yellowtail flounder,1972,19.365853658536587,27.953333333333333,33.226950354609926,35.73142857142857,36.5,39.43478260869565,42,40.5,52,NA,NA
yellowtail flounder,1973,18.02409638554217,27.219730941704036,32.69230769230769,35.0126582278481,36.30927835051546,36.46067415730337,39.916666666666664,42.2,47,NA,54
yellowtail flounder,1974,20.03921568627451,29.48901098901099,33.94776119402985,35.5,37.62903225806452,36.78125,37.4,38.4,35.5,NA,NA
yellowtail flounder,1975,19.84,29.583333333333332,36,37.58064516129032,36.80555555555556,37.36363636363637,41.75,42,NA,NA,58
yellowtail flounder,1976,22.02127659574468,30.18014705882353,36.294117647058826,39.833333333333336,40,40.72222222222222,41.3,45,50.333333333333336,NA,NA
yellowtail flounder,1977,20.797619047619047,30.848484848484848,37.142857142857146,41,42.166666666666664,42.166666666666664,38,39.75,NA,48,NA
yellowtail flounder,1978,21.562874251497007,30.472843450479232,37.41843971631206,41.21333333333333,42.05555555555556,43.333333333333336,38.5,47,42,NA,NA
yellowtail flounder,1979,19.731843575418996,29.949333333333332,34.64848484848485,38.904761904761905,40.875,42.9,46.666666666666664,47,NA,56,NA
yellowtail flounder,1980,19.423529411764704,29.190355329949238,35.90207715133531,38.726256983240226,43,47.166666666666664,46.75,54,48.5,NA,48
yellowtail flounder,1981,22.247191011235955,29.194915254237287,35.645161290322584,38.146341463414636,40.46153846153846,45.42857142857143,44,52,NA,NA,NA
yellowtail flounder,1982,23.069767441860463,28.405017921146953,33.70810810810811,38.136986301369866,41.76470588235294,43.55555555555556,48.25,50,NA,NA,58
yellowtail flounder,1983,22.6875,29.27860696517413,34.417582417582416,39.3469387755102,43.583333333333336,47.25,43.25,51.333333333333336,52,NA,NA
yellowtail flounder,1984,22.09375,27.96078431372549,32.784615384615385,34.61904761904762,39.32,40.5,NA,46.333333333333336,NA,NA,NA
yellowtail flounder,1985,23.333333333333332,29.84,34.5945945945946,35.791666666666664,37.535714285714285,36.25,40,NA,NA,NA,NA
yellowtail flounder,1986,24.91304347826087,29.410810810810812,34.459016393442624,37.55,42.125,49,NA,NA,NA,NA,NA
yellowtail flounder,1987,23.208333333333332,31.257142857142856,34.958333333333336,36.578947368421055,41.81818181818182,42.2,47.6,48.5,NA,NA,48
yellowtail flounder,1988,18.154929577464788,28.345454545454544,34.607142857142854,37.26923076923077,36.42857142857143,41.5,47,NA,NA,NA,NA
yellowtail flounder,1989,17.666666666666668,27.73076923076923,34.116883116883116,37.92,42.25,44,45,NA,NA,NA,NA
yellowtail flounder,1990,8,25.958333333333332,32.10505836575876,36.96078431372549,38.77777777777778,47,42,NA,NA,NA,NA
yellowtail flounder,1991,21.216666666666665,27.314285714285713,32.342465753424655,35.09036144578313,38.8974358974359,44.4,NA,NA,NA,NA,NA
yellowtail flounder,1992,21.071428571428573,28.88421052631579,32.956896551724135,35.366336633663366,42.333333333333336,44.8,NA,NA,NA,NA,NA
yellowtail flounder,1993,19.6,27.58490566037736,33.52238805970149,36.390625,43.333333333333336,NA,43,NA,NA,NA,NA
yellowtail flounder,1994,21.619565217391305,27.961904761904762,32.09411764705882,35.3968253968254,37.513513513513516,41.888888888888886,38,NA,NA,NA,NA
yellowtail flounder,1995,21.55,27.282828282828284,31.03448275862069,35.729729729729726,38.608695652173914,42,44,41.5,44,NA,NA
yellowtail flounder,1996,21,28.36764705882353,33.15625,36.018691588785046,40.3125,43,NA,NA,NA,NA,NA
yellowtail flounder,1997,22.75409836065574,27.875,33.753926701570684,37.43103448275862,42,44.42857142857143,NA,NA,NA,NA,NA
yellowtail flounder,1998,22.84931506849315,29.520661157024794,34.013888888888886,37.282051282051285,41.78947368421053,44.8,46.5,NA,NA,NA,NA
yellowtail flounder,1999,23.59375,30.519417475728154,35.02834008097166,38.51282051282051,41.67796610169491,45.84615384615385,48.857142857142854,44,54,NA,NA
yellowtail flounder,2000,21.166666666666668,30.557142857142857,35.23270440251572,39.53703703703704,43.68421052631579,46.705882352941174,46.333333333333336,NA,NA,NA,NA
yellowtail flounder,2001,25.59016393442623,31.81981981981982,35.241025641025644,39.89333333333333,42.1,45.5,48.53333333333333,NA,NA,NA,NA
yellowtail flounder,2002,21.796296296296298,31.242424242424242,35.11363636363637,39.166666666666664,43.1,46.666666666666664,47.8,49.75,NA,NA,NA
yellowtail flounder,2003,20.22641509433962,31.908396946564885,36,38.80952380952381,41.25,45.875,47.666666666666664,48.25,50,NA,NA
yellowtail flounder,2004,21.444444444444443,30.959183673469386,35.58715596330275,39.12244897959184,42.611111111111114,46,48.5,48,NA,NA,NA
yellowtail flounder,2005,19.676056338028168,29.01086956521739,33.42553191489362,37.96825396825397,42.25,48.5,46.333333333333336,47,NA,NA,NA
yellowtail flounder,2006,20.10126582278481,29.106719367588934,33.82941176470588,37.770114942528735,41.473684210526315,46,46.5,48.5,NA,NA,NA
yellowtail flounder,2007,21.79032258064516,29.127659574468087,34.333333333333336,37.586776859504134,41.096774193548384,45.333333333333336,46.333333333333336,NA,NA,NA,NA
yellowtail flounder,2008,22.606060606060606,30.532258064516128,34.59765625,38.382716049382715,41.64705882352941,45,48,NA,NA,NA,NA
yellowtail flounder,2009,19.26050420168067,29.381720430107528,34.978339350180505,38.16216216216216,41.706896551724135,45.875,46,NA,NA,NA,NA
yellowtail flounder,2010,18.2,29,34.205438066465256,36.95,40.76521739130435,42.888888888888886,46.2,46.5,NA,NA,NA
yellowtail flounder,2011,19.3953488372093,29.848837209302324,34.25670498084291,36.88834951456311,40.049180327868854,41.888888888888886,44.666666666666664,42,NA,NA,NA
yellowtail flounder,2012,19.55263157894737,28.954166666666666,33.83771929824562,36.89417989417989,40.02564102564103,42.36,42.642857142857146,45,NA,NA,NA
yellowtail flounder,2013,19.58252427184466,29.04605263157895,33.5607476635514,36.451388888888886,39.527027027027025,41.1764705882353,42.333333333333336,46,NA,NA,NA
yellowtail flounder,2014,24.092307692307692,29.86904761904762,33.87591240875913,36.67796610169491,39.13157894736842,43.6,43.333333333333336,44.25,44.5,NA,NA
yellowtail flounder,2015,20.733333333333334,27.866666666666667,32.49101796407186,36.13513513513514,39.339622641509436,42.666666666666664,45,43,NA,NA,NA
yellowtail flounder,2016,20.849462365591396,28.742857142857144,33.31972789115646,36.64705882352941,39.09375,41.34782608695652,46,44.75,53.5,NA,NA
yellowtail flounder,2017,19.428571428571427,28.37878787878788,31.756756756756758,35.03921568627451,36.96969696969697,40.44444444444444,41.1875,41.333333333333336,NA,NA,NA
yellowtail flounder,2018,21.717391304347824,27.532258064516128,31.189655172413794,34.17948717948718,37,40.42857142857143,38.333333333333336,41.333333333333336,42.5,NA,NA
yellowtail flounder,2019,18.883211678832115,26.703703703703702,30.303571428571427,32.53191489361702,33.708333333333336,37.888888888888886,41.8,40.5,42.75,NA,NA
